{"n_examples":1131,"n_features":512,"n_alive":366,"n_clans":7,"clan_names":["FP","PALI","PO","REG","RI","SH","SI"],"cultural_type_counts":{"universal":10,"clan-specific":43,"intermediate":313},"classification":{"sae_accuracy":0.9177692877470663,"sae_accuracy_std":0.031617834575440026,"raw_accuracy":0.9212857198549764,"raw_accuracy_std":0.04368740060144033,"chance_level":0.14285714285714285,"n_clans":7,"n_samples":1131},"model":{"vocab_size":102,"d_model":128,"n_layers":4,"n_heads":4,"context_length":32,"n_params":823552,"best_loss":2.293302956749411},"sae":{"d_hidden":512,"k":12,"r2":0.9487713575363159,"alive_features":426,"mean_l0":12.0}}